<?xml version="1.0" encoding="UTF-8"?>
<project-private xmlns="http://www.netbeans.org/ns/project-private/1">
    <editor-bookmarks xmlns="http://www.netbeans.org/ns/editor-bookmarks/2" lastBookmarkId="0"/>
    <open-files xmlns="http://www.netbeans.org/ns/projectui-open-files/2">
        <group>
            <file>file:/D:/Third%20Sememsiter%20Metrial/DSA/DSA%20Theory/Travel%20Management%20System/src/travel/management/system/Dashboard.java</file>
            <file>file:/D:/Third%20Sememsiter%20Metrial/DSA/DSA%20Theory/Travel%20Management%20System/src/travel/management/system/Splash.java</file>
            <file>file:/D:/Third%20Sememsiter%20Metrial/DSA/DSA%20Theory/Travel%20Management%20System/src/travel/management/system/Login.java</file>
        </group>
    </open-files>
</project-private>
